route,component,viewport,theme,state,issue_type,root_cause,before_behavior,after_behavior,foreground_color,background_color,contrast_ratio,required_ratio,changed_file,status
/catalog,filter row (buttons + varieties count + PDF download button),320-412px,light+dark,default,horizontal_overflow,"flex row with no flex-wrap, trailing ml-auto group has nowhere to go",scrollWidth 609px vs 375px viewport (measured),scrollWidth == clientWidth at all required viewports (measured),,,,,catalog/index.html,fixed
/products/* (10 pages),header nav (logo + 3 links + theme toggle),390px,light+dark,default,horizontal_overflow,nav row has no wrap/hide/hamburger treatment at all,scrollWidth 394px vs 390px viewport (measured),scrollWidth == clientWidth (measured on aggizi-green-olives as representative page),,,,,assets/index-Dw0yUE42.css,fixed
/catalog and 13 other pages,"""Read Our Insights"" floating widget",<640px,light+dark,default,content_overlap,"position:fixed;top:50%;-translate-y-1/2 -- centered on viewport, not page, so it can land on any content depending on scroll position",widget bounding box measured overlapping the hero stat row on /catalog at 375px,widget repositioned to bottom-right stacked above WhatsApp button; verified via screenshot no overlap with hero content,,,,,assets/index-Dw0yUE42.css,fixed
all pages with consent UI,Cookie Preferences reopen pill / consent banner,<640px and desktop,dark,default,contrast_boundary,"hardcoded #1c2416 background, no border, nearly identical to dark-mode page background",1.10:1 boundary contrast against dark-mode page background (calculated),7.70:1 after adding a 1px solid gold (#c9a84c) border (calculated),#c9a84c (border),hsl(210 20% 10%) (dark page bg),7.70,3.0,assets/consent.js,fixed
all pages with consent UI,Cookie Preferences modal Cancel button,desktop and mobile,light,default,contrast_text,".tc-btn-secondary's cream text (#e9e7dd, designed for the dark banner) reused unchanged on the modal's white background -- pre-existing, not dark-mode-specific",1.24:1 text contrast (calculated),15.05:1 after new .tc-btn-modal-secondary class (ink #1c2416 on white) (calculated),#1c2416,#ffffff,15.05,4.5,assets/consent.js,fixed
all pages with consent UI,Cookie Preferences modal Cancel button,desktop and mobile,dark,default,contrast_text,"same class would have inherited the light-mode fix's ink-on-white color, wrong for a dark modal",not applicable (modal was pure white in every theme before this fix),15.07:1 using hsl(var(--card-foreground)) on hsl(var(--card)) under .dark (calculated),hsl(40 20% 95%) [card-foreground],hsl(210 20% 12%) [card],15.07,4.5,assets/consent.js,fixed
all pages with consent UI,Cookie Preferences modal background/body text,mobile and desktop,dark,default,theme_inconsistency,"modal background hardcoded #fff, body text #666/#555, regardless of theme","pure white modal box in an otherwise dark-themed page (not a contrast failure itself, but visually jarring / inconsistent)",modal now uses hsl(var(--card))/hsl(var(--card-foreground))/hsl(var(--muted-foreground)) under .dark -- matches the rest of the site's dark theme,see contrast-audit.md rows 6-8,see contrast-audit.md rows 6-8,,,assets/consent.js,fixed
/catalog per-product spec mini-grids (Salt/Acidity/pH),,320-412px,light+dark,default,not_a_bug,"grid-cols-3 already compiles to repeat(3,minmax(0,1fr)) -- text wraps within its cell instead of overflowing",,,,,,,,verified_no_fix_needed
"/, /catalog, /products/aggizi-green-olives, /contact, /privacy, /resources/certifications, /resources/faq, /how-we-work",page-level horizontal overflow sweep,320px and 390px,light+dark,default,horizontal_overflow,,,scrollWidth == clientWidth on all 8 pages at both widths (measured),,,,,,verified_no_fix_needed
